"File","Count","First"
"ado-constants.bas","0",""
"BanqModule.bas","3","Proc_263_0_F72D90"
"CodeModule.bas","14","Proc_8_0_440600"
"command-pattern.bas","5","AddADOParameter"
"CommonDialog.bas","3","Proc_349_0_F00984"
"DatabaseSecurityModule.bas","14","InitializeDatabase"
"eInvoice.bas","22","Proc_348_0_113B044"
"ErrorHandlingModule.bas","15","InitializeErrorHandling"
"FaLib.bas","58","Proc_183_0_1279094"
"FaVoucher.bas","8","Proc_7_0_F78958"
"FOMModule.bas","5","Proc_146_0_E7D9C8"
"Functions.bas","1","Proc_342_0_104AD78"
"GridPrint.bas","4","Proc_34_0_14D85A0"
"HMS.bas","15498","mnuTelRep_Click"
"Hotlib.bas","109","Proc_96_0_E6BE98"
"JSON.bas","19","Proc_343_0_E05B7C"
"MainLib.bas","155","Proc_6_0_9FF6F0"
"mdlDataTransfer.bas","9","Proc_154_0_FDAA68"
"mdlNightAudit.bas","10","Proc_156_0_1EE1CC6"
"MemberModule.bas","5","Proc_272_0_F5A7DC"
"MobWebAPI.bas","3","Proc_344_0_ED9850"
"modLog.bas","8","RegisterLog"
"Module1.bas","0",""
"ModuleAdd.bas","7","Proc_165_0_14CCEC0"
"ModuleDoorLock.bas","4","Proc_336_0_FA78E4"
"ModuleSmartCard.bas","23","Proc_275_0_E0B75C"
"MSendInput.bas","18","Proc_303_0_FB9B68"
"Picture.bas","6","Proc_142_0_F96C2C"
"POSBillPrint.bas","26","Proc_260_0_F04438"
"SMSModule.bas","19","Proc_233_0_ED9568"
"SperialFolderPath.bas","3","Proc_345_0_6F004E"
"TmpTable.bas","24","Proc_3_0_F9E6F4"
"TopBarLib.bas","3","Proc_5_0_110649C"
"ValidationModule.bas","11","ValidateRequiredField"
