"File","Count"
"AccountMerg.frm","13"
"BanqAvailability.frm","41"
"CateringBooking.frm","74"
"CompMast.frm","99"
"CsehDemoForm.frm","4"
"DepartMast.frm","42"
"DepartSundry.frm","63"
"DepOpStk.frm","53"
"DMTree.frm","16"
"EmptyInbox.frm","15"
"FaAdjust.frm","28"
"FaAdjustDel.frm","6"
"FaChqClear.frm","44"
"FacilitySundry.frm","65"
"FaCityMast.frm","38"
"FaCountryMast.frm","34"
"FaCurrBalUpdate.frm","12"
"FaEnvron.frm","16"
"FAFind.frm","21"
"FaGlobeNarr.frm","11"
"FaGrEnt.frm","35"
"FaMagic.frm","80"
"FaNarrMast.frm","32"
"FaReports.frm","86"
"FaRepView.frm","13"
"FaStateMast.frm","36"
"FaSubGroup.frm","64"
"FaTaxVoucher.frm","112"
"FaTDSCat.frm","31"
"FaTDSCertificate.frm","33"
"FaTDSChal.frm","35"
"FaVrEnt.frm","173"
"FaVtype.frm","66"
"fdAcPostChrg.frm","55"
"fdAmendEntry.frm","35"
"fdCheckIn.frm","20"
"FdCheckOut.frm","64"
"fdDisplayFolio.frm","42"
"fdDisplayFolioSumm.frm","34"
"FdGrpCheckOut.frm","86"
"FdGrpdetCheckOut.frm","68"
"FdLookUpRoom.frm","13"
"FdLookUpRoomNo.frm","19"
"fdNDAcPostChrg.frm","34"
"fdPaymentCharge.frm","57"
"fdPostChrg.frm","24"
"fdPrintScreen.frm","29"
"FdReSetlement.frm","52"
"FdRevCheckOut.frm","48"
"fdRoomChange.frm","52"
"FdRoomDisplay.frm","6"
"fdRoomOcc.frm","36"
"fdWalkInEntry.frm","158"
"FindMess.frm","17"
"Form1.frm","0"
"frmAdvanceDepDialog.frm","62"
"FrmBdayLookup.frm","31"
"frmBlockMast.frm","33"
"FrmBookingInquiry.frm","60"
"FrmBusinessSrc.frm","33"
"FrmCalender.frm","1"
"FrmChangeDepart.frm","16"
"FrmChangeKitch.frm","15"
"FrmChangeRest.frm","19"
"FrmChangeSite.frm","15"
"FrmChargeMast.frm","40"
"FrmClaimEntry.frm","22"
"frmComboMast.frm","62"
"frmCompany.frm","39"
"FrmComplaintClearing.frm","41"
"FrmComplaintMast.frm","39"
"FrmConsumMast.frm","61"
"FrmConsumMast9999.frm","55"
"FrmControlPanel.frm","24"
"FrmDataRecieving.frm","8"
"FrmDeliveredItemDetail.frm","23"
"FrmDeliveryBoyMast.frm","33"
"FrmDenomination.frm","43"
"frmEnviro.frm","59"
"FrmEventMast.frm","33"
"FrmExpense.frm","39"
"frmFacilityBillAdv.frm","66"
"FrmFacilityMast.frm","39"
"frmFdLeaderRev.frm","28"
"frmFixedChargeMast.frm","41"
"frmFomB.frm","51"
"FrmFomBillDeletion.frm","29"
"FrmForeignExMast.frm","33"
"FrmForExRec.frm","35"
"frmGodrejLockSettings.frm","5"
"FrmGrcBlank.frm","6"
"FrmGuestAddObj.frm","35"
"frmGuestComments.frm","47"
"frmGuestInfo.frm","71"
"frmGuestParamMast.frm","29"
"FrmGuestStat.frm","33"
"FrmGuestWakeUp.frm","39"
"FrmHallItemCatMast.frm","41"
"FrmHouGuestMsg.frm","38"
"FrmHouseStatus.frm","17"
"FrmImage.frm","5"
"FrmInc.frm","31"
"FrmItemCatMast.frm","43"
"FrmItemCatRaw.frm","41"
"FrmItemGroupMast.frm","40"
"FrmItemGroupMastRaw.frm","38"
"FrmItemIssuedOnCleaning.frm","50"
"FrmItemMast.frm","33"
"FrmItemMastRaw.frm","54"
"FrmJobScheduler.frm","44"
"FrmLocationFacilities.frm","61"
"FrmLocationMast.frm","32"
"frmLockGodrejSettings.frm","5"
"FrmLostFound.frm","26"
"FrmMarketSeg.frm","33"
"frmMenuItemCopy.frm","30"
"FrmMenuList.frm","5"
"FrmMenuRate.frm","53"
"FrmMergeCharge.frm","30"
"frmMessage.frm","3"
"frmmessageKey.frm","3"
"FrmMeterReading.frm","56"
"frmMod_Print.frm","40"
"frmMod_Print1.frm","33"
"FrmMsgBox.frm","3"
"FrmNAMessageA.frm","2"
"FrmNAMessageB.frm","2"
"FrmNAMessageC.frm","2"
"FrmNCType.frm","33"
"FrmOPStock.frm","60"
"FrmPackageMast.frm","75"
"FrmParty.frm","63"
"FrmPartyLocations.frm","61"
"frmPassword.frm","2"
"FrmPayTypeMast.frm","60"
"FrmPlanPackMast.frm","56"
"FrmPlanTokenMast.frm","60"
"FrmPOSBillDeletion.frm","31"
"FrmPOSBillModificationDatewise.frm","29"
"FrmPOSBillModificationItemGroupwise.frm","29"
"FrmPOSRecycleData.frm","16"
"FrmPOSSaleDataTransfer.frm","29"
"frmPrintModule.frm","36"
"frmPurEnviro.frm","21"
"FrmReceivePayment.frm","44"
"frmReNightAudit.frm","16"
"FrmReservationStatus.frm","24"
"FrmRevenueWiseBudget.frm","27"
"frmRevGroup.frm","11"
"FrmRevMergeCharge.frm","28"
"FrmRoomCatMast.frm","43"
"FrmRoomFeatureMast.frm","34"
"FrmRoomMast.frm","48"
"frmSeasonMast.frm","43"
"FrmSerialiseVr.frm","5"
"frmSessionMast.frm","37"
"FrmSmsCenterSettings.frm","15"
"FrmSMSEnviro.frm","44"
"FrmSMSMultiType.frm","46"
"FrmStockTransfer.frm","53"
"frmTallyExport.frm","10"
"FrmTaxMast.frm","39"
"FrmTaxStruMast.frm","60"
"frmUnitMast.frm","33"
"FrmUnSettledBillsInfo.frm","4"
"FrmUploadProcess.frm","18"
"FrmUserPaymentCollection.frm","43"
"FrmVenueFeat.frm","33"
"FrmVenueMast.frm","52"
"FrmWaiterMast.frm","35"
"frmWelcome.frm","10"
"frmYearEnd.frm","4"
"Godown.frm","33"
"GroupProfile.frm","45"
"GuestProfile.frm","94"
"hAdvanceDepDialog.frm","92"
"hAdvanceDepDialogSecondry.frm","84"
"HallAcPostChrg.frm","28"
"HallAdvanceDepDialog.frm","83"
"HallBill.frm","106"
"HallBillEstimate.frm","97"
"HallBooking.frm","87"
"HallChefPreCosting.frm","64"
"HallEstimate.frm","98"
"HallItemGroupMast.frm","35"
"HallMenuCatalog.frm","68"
"HallMenuItemEntry.frm","48"
"HallSundry.frm","64"
"HHouseKeeping.frm","17"
"HKHouseOpStk.frm","57"
"HKIssRec.frm","57"
"HKRoomBlock.frm","47"
"HKRoomOpStk.frm","56"
"HRoomCheckOutClearance.frm","13"
"HWIHistory.frm","28"
"Inbox.frm","20"
"InHouseGuestFolio.frm","38"
"kClStk.frm","55"
"LockForm.frm","2"
"MDIForm1.frm","5"
"memAgeRevMast.frm","48"
"MemAssistant.frm","59"
"MemAutoSettleCardBalance.frm","23"
"MemberEnviro.frm","15"
"MemberProposedMemInf.frm","18"
"MembershipMast.frm","123"
"MemberShipRevenueMast.frm","37"
"MemberSMS.frm","19"
"MemBillPrintingModule.frm","13"
"memCatChngCond.frm","21"
"memCatChngEntry.frm","51"
"memCategoryFacilities.frm","62"
"MemCatMast.frm","31"
"memCatRevMast.frm","48"
"MemFacilityBilling.frm","57"
"MemFacilityEntry.frm","62"
"memFacilityMast.frm","37"
"memOutStationEntry.frm","51"
"MemPaymentReceive.frm","64"
"MemRenewalEntry.frm","17"
"MemSelectCategory.frm","35"
"MemTagadaLetter.frm","45"
"MemVisitEntry.frm","11"
"NewHappyHours.frm","61"
"Outbox.frm","19"
"OutLetMast.frm","68"
"OutLetSundry.frm","72"
"pGIss.frm","56"
"pHappyHours.frm","57"
"PIndent.frm","60"
"pMREntry.frm","80"
"POSAdvanceDepDialog.frm","81"
"POSBillReprint.frm","59"
"pPBill.frm","113"
"pPOrder.frm","66"
"prAttend.frm","37"
"PrAttend1.frm","25"
"PrCategoryMast.frm","35"
"PrDesigMast.frm","34"
"PrEmployee.frm","56"
"pReqSlip.frm","58"
"prHoliday.frm","28"
"PrLeavench.frm","38"
"PrLoan.frm","41"
"prOverTime.frm","34"
"prSalCreate.frm","25"
"repTouchDate.frm","13"
"REPVIEW.frm","13"
"resBanq.frm","40"
"resGroup.frm","60"
"resRoomNo.frm","41"
"resRoomType.frm","43"
"RewardPointParam1.frm","57"
"rFaRepView.frm","93"
"rFomRepView.frm","277"
"rHallRepView.frm","117"
"rInventRepView.frm","147"
"rMemberRepView.frm","101"
"rPOSRepView.frm","179"
"rRepHouse.frm","78"
"rRepHousePreview.frm","20"
"rRepPayRoll.frm","61"
"rRepReserv.frm","84"
"rRepTel.frm","79"
"rRepTelPreview.frm","13"
"RrLookUpGuest.frm","23"
"RrRoomReservation.frm","148"
"rrsAdvanceDepDialog.frm","82"
"rsAdvanceDepDialog.frm","90"
"RsAssignDelivery.frm","51"
"RsBookingEntry.frm","101"
"RsBookingEntryAdvance.frm","6"
"RsGravyItemEntry.frm","46"
"RsKitchenMaterial.frm","58"
"RsKitchenStk.frm","59"
"RsKOTEntry.frm","109"
"RsKOTTransfer.frm","37"
"RsMenuItemEntry.frm","57"
"RsPaymentReceice.frm","85"
"RsPOSCustInfo.frm","14"
"RsPOSDisplay.frm","55"
"RsPOSDisplayNew.frm","23"
"RSSaleBill.frm","277"
"RSSaleBill1.frm","93"
"RSSaleBillDisplay.frm","86"
"RsSaleBillSplit.frm","114"
"RsSpecItemEntry.frm","28"
"RsStatusScreen.frm","68"
"RsStoreRecEntry.frm","53"
"RsTableMast.frm","32"
"RsTbChange.frm","32"
"RsTokenEntry.frm","93"
"RsTouchDisplayTB.frm","49"
"RsTouchOrderPersonDetails.frm","23"
"rsTouchScreenAdvanceDepDialog.frm","106"
"RsTouchScreenBookingEntry.frm","73"
"RsTouchScreenFAFind.frm","4"
"RsTouchScreenKeyBoard.frm","8"
"RsTouchScreenKOTEntry.frm","101"
"RSTouchScreenSaleBill.frm","169"
"RsTouchScreenSteward.frm","8"
"RsTouchScreenTOKENEntry.frm","99"
"salmarCompProfile.frm","20"
"SchemeMast.frm","32"
"SmartCardLostReIssue.frm","27"
"SmartCardMast.frm","23"
"SmartCardRecharge.frm","27"
"SmartCardRefund.frm","27"
"SmartCardRegistration.frm","38"
"SundryMast.frm","30"
"SundryVType.frm","56"
"TelCallCodeMast.frm","36"
"TelCallControlMast.frm","54"
"TelCallEntry.frm","21"
"TelCallTypeMast.frm","40"
"TelExtensionMast.frm","41"
"Transfer.frm","26"
"TravelAgencyPost.frm","48"
"UserMast.frm","35"
"UserPermission.frm","38"
"VoucherSundrySetting.frm","56"
