Step|Timestamp|Screen|Action|Result|Screenshot|Related Code|Related SQL
001|09:38:56|User Information|Capture login screen|OK|001_Login_Screen.png|frmPassword Form_Load 147D994|select * from usermast order by user_name (EXTRAS.text L9885); password check Proc_96_19_EEE9F4 L231657 [VERIFIED-VB6]
002|09:38:57|User Information|Click Enable Virtual Keyboard|Toggled ON|002_Login_VirtualKeyboard_ON|ChkKeyboard control|n/a - menu/UI navigation only (no DB access)
002|09:39:53|User Information|Toggle virtual keyboard OFF|Caption was Disable -> clicked||ChkKeyboard|n/a - menu/UI navigation only (no DB access)
005|09:41:07|User Information|Locate login fields|user@top250 pass@top231||Me.txt array index mapping|select * from usermast order by user_name (EXTRAS.text L9885); password check Proc_96_19_EEE9F4 L231657 [VERIFIED-VB6]
004|09:41:10|MsgBox|Login with dummy user|Dialog: 'Login'|004_Login_InvalidUser_MsgBox|Invalid User @191806D|select * from usermast order by user_name (EXTRAS.text L9885); password check Proc_96_19_EEE9F4 L231657 [VERIFIED-VB6]
006|10:02:04|User Information|Type credentials (masked)|Typed SA/******||USERMAST select @1917FED|select * from usermast order by user_name (EXTRAS.text L9885); password check Proc_96_19_EEE9F4 L231657 [VERIFIED-VB6]
006|10:02:07|MsgBox|Login attempt|ERROR DIALOG: 'Login'|006_Login_Error||select * from usermast order by user_name (EXTRAS.text L9885); password check Proc_96_19_EEE9F4 L231657 [VERIFIED-VB6]
009|10:03:03|User Information|Type credentials corrected order|SA into upper, pwd into lower|||select * from usermast order by user_name (EXTRAS.text L9885); password check Proc_96_19_EEE9F4 L231657 [VERIFIED-VB6]
010|10:03:12|User Information|Company selection|Visible|010_CompanyGrid.png|company select @1918558|company picker load - SQL NOT YET IDENTIFIED; verify: 20_SQL_Tracking profiler
010|10:04:11|Company Details|Company grid captured||010_CompanyDetails_Grid.png|Label22/btnapply @1918470-1918497|n/a - menu/UI navigation only (no DB access)
014|10:06:59|HMS MDI|Main dashboard captured|OK|014_Main_Menu_AfterLogin.png|MDIForm_Load 141D204|n/a - menu/UI navigation only (no DB access)
T01|10:12:22|MDI TopBar|Click tab pos 1 (Finance)|x=796 y=500|TopBar_01_Finance.png|INI key9 order|n/a - menu/UI navigation only (no DB access)
T02|10:12:24|MDI TopBar|Click tab pos 2 (MainSetup)|x=788 y=500|TopBar_02_MainSetup.png|INI key9 order|n/a - menu/UI navigation only (no DB access)
T03|10:12:26|MDI TopBar|Click tab pos 3 (Reservation)|x=780 y=500|TopBar_03_Reservation.png|INI key9 order|n/a - menu/UI navigation only (no DB access)
T04|10:12:28|MDI TopBar|Click tab pos 4 (FrontOffice)|x=772 y=500|TopBar_04_FrontOffice.png|INI key9 order|n/a - menu/UI navigation only (no DB access)
T05|10:12:29|MDI TopBar|Click tab pos 5 (HouseKeeping)|x=764 y=500|TopBar_05_HouseKeeping.png|INI key9 order|n/a - menu/UI navigation only (no DB access)
T06|10:12:31|MDI TopBar|Click tab pos 6 (Inventory)|x=756 y=500|TopBar_06_Inventory.png|INI key9 order|n/a - menu/UI navigation only (no DB access)
T07|10:12:33|MDI TopBar|Click tab pos 7 (POS)|x=748 y=500|TopBar_07_POS.png|INI key9 order|n/a - menu/UI navigation only (no DB access)
T08|10:12:34|MDI TopBar|Click tab pos 8 (Banquet)|x=740 y=500|TopBar_08_Banquet.png|INI key9 order|n/a - menu/UI navigation only (no DB access)
T09|10:12:36|MDI TopBar|Click tab pos 9 (NightAudit)|x=732 y=500|TopBar_09_NightAudit.png|INI key9 order|n/a - menu/UI navigation only (no DB access)
T10|10:12:38|MDI TopBar|Click tab pos 10 (HRPayroll)|x=724 y=500|TopBar_10_HRPayroll.png|INI key9 order|n/a - menu/UI navigation only (no DB access)
T11|10:12:39|MDI TopBar|Click tab pos 11 (EPABX)|x=716 y=500|TopBar_11_EPABX.png|INI key9 order|n/a - menu/UI navigation only (no DB access)
T12|10:12:41|MDI TopBar|Click tab pos 12 (Messaging)|x=708 y=500|TopBar_12_Messaging.png|INI key9 order|n/a - menu/UI navigation only (no DB access)
T13|10:12:43|MDI TopBar|Click tab pos 13 (Members)|x=700 y=500|TopBar_13_Members.png|INI key9 order|n/a - menu/UI navigation only (no DB access)
T14|10:12:44|MDI TopBar|Click tab pos 14 (Sales)|x=692 y=500|TopBar_14_Sales.png|INI key9 order|n/a - menu/UI navigation only (no DB access)
T15|10:12:46|MDI TopBar|Click tab pos 15 (Mall)|x=684 y=500|TopBar_15_Mall.png|INI key9 order|n/a - menu/UI navigation only (no DB access)
014|10:13:27|HMS MDI|Restored+maximized, dashboard captured|OK|014_Main_Menu_AfterLogin.png|MDIForm_Load 141D204|n/a - menu/UI navigation only (no DB access)
014|10:14:42|HMS MDI|Dashboard (maximized)|OK|014_Main_Menu_AfterLogin.png|MDIForm_Load 141D204|n/a - menu/UI navigation only (no DB access)
T01|10:14:43|MDI TopBar|Tab Finance clicked|children=[]|TopBar_01_Finance.png|INI key9 order|n/a - menu/UI navigation only (no DB access)
T02|10:14:45|MDI TopBar|Tab MainSetup clicked|children=[]|TopBar_02_MainSetup.png|INI key9 order|n/a - menu/UI navigation only (no DB access)
T03|10:14:47|MDI TopBar|Tab Reservation clicked|children=[]|TopBar_03_Reservation.png|INI key9 order|n/a - menu/UI navigation only (no DB access)
T04|10:14:48|MDI TopBar|Tab FrontOffice clicked|children=[]|TopBar_04_FrontOffice.png|INI key9 order|n/a - menu/UI navigation only (no DB access)
T05|10:14:50|MDI TopBar|Tab HouseKeeping clicked|children=[]|TopBar_05_HouseKeeping.png|INI key9 order|n/a - menu/UI navigation only (no DB access)
T06|10:14:51|MDI TopBar|Tab Inventory clicked|children=[]|TopBar_06_Inventory.png|INI key9 order|n/a - menu/UI navigation only (no DB access)
T07|10:14:53|MDI TopBar|Tab POS clicked|children=[]|TopBar_07_POS.png|INI key9 order|n/a - menu/UI navigation only (no DB access)
T08|10:14:54|MDI TopBar|Tab Banquet clicked|children=[]|TopBar_08_Banquet.png|INI key9 order|n/a - menu/UI navigation only (no DB access)
T09|10:14:56|MDI TopBar|Tab NightAudit clicked|children=[]|TopBar_09_NightAudit.png|INI key9 order|n/a - menu/UI navigation only (no DB access)
T10|10:14:57|MDI TopBar|Tab HRPayroll clicked|children=[]|TopBar_10_HRPayroll.png|INI key9 order|n/a - menu/UI navigation only (no DB access)
T11|10:14:59|MDI TopBar|Tab EPABX clicked|children=[]|TopBar_11_EPABX.png|INI key9 order|n/a - menu/UI navigation only (no DB access)
T12|10:15:01|MDI TopBar|Tab Messaging clicked|children=[]|TopBar_12_Messaging.png|INI key9 order|n/a - menu/UI navigation only (no DB access)
T13|10:15:02|MDI TopBar|Tab Members clicked|children=[]|TopBar_13_Members.png|INI key9 order|n/a - menu/UI navigation only (no DB access)
T14|10:15:04|MDI TopBar|Tab Sales clicked|children=[]|TopBar_14_Sales.png|INI key9 order|n/a - menu/UI navigation only (no DB access)
T15|10:15:05|MDI TopBar|Tab Mall clicked|children=[]|TopBar_15_Mall.png|INI key9 order|n/a - menu/UI navigation only (no DB access)
C2|10:52:12|Front Office|Slot 1 click|no window||TopBarLib|n/a - menu/UI navigation only (no DB access)
C2|10:52:15|Front Office|Open menu slot 2|window='Front Office > Operations > Room Status'|C2_Front_Office__Operations__Room_Statu.png|TopBarLib slot 2/5|n/a - menu/UI navigation only (no DB access)
C2|10:52:20|Front Office|Open menu slot 3|window='Front Office > Operations > Expense Entry'|C2_Front_Office__Operations__Expense_En.png|TopBarLib slot 3/5|n/a - menu/UI navigation only (no DB access)
C2|10:52:25|Front Office|Open menu slot 4|window='Front Office > Operations > Display Rack'|C2_Front_Office__Operations__Display_Ra.png|TopBarLib slot 4/5|n/a - menu/UI navigation only (no DB access)
C2|10:52:30|Front Office|Open menu slot 5|window='Front Office > Operations > Bill Reprint'|C2_Front_Office__Operations__Bill_Repri.png|TopBarLib slot 5/5|n/a - menu/UI navigation only (no DB access)
C2|10:53:43|Reservation|Slot 1 click|no window||TopBarLib|n/a - menu/UI navigation only (no DB access)
C2|10:53:46|Reservation|Open menu slot 2|window='Reservation > Operations > Look Up Room types'|C2_Reservation__Operations__Look_Up_Roo.png|TopBarLib slot 2/4|n/a - menu/UI navigation only (no DB access)
C2|10:53:51|Reservation|Open menu slot 3|window='Reservation > Operations > Look Up Rooms'|C2_Reservation__Operations__Look_Up_Roo.png|TopBarLib slot 3/4|n/a - menu/UI navigation only (no DB access)
C2|10:53:57|Reservation|Open menu slot 4|window='Reservation > Operations > Reservation With History'|C2_Reservation__Operations__Reservation.png|TopBarLib slot 4/4|n/a - menu/UI navigation only (no DB access)
C2|10:54:06|Night Audit|Slot 1 click|no window||TopBarLib|n/a - menu/UI navigation only (no DB access)
C2|10:54:09|Night Audit|Open menu slot 2|window='Night Audit > GST Reports > GSTR-2(3)'|C2_Night_Audit__GST_Reports__GSTR-23.png|TopBarLib slot 2/5|n/a - menu/UI navigation only (no DB access)
C2|10:54:15|Night Audit|Open menu slot 3|window='Night Audit > GST Reports > GSTR-2(4A)'|C2_Night_Audit__GST_Reports__GSTR-24A.png|TopBarLib slot 3/5|n/a - menu/UI navigation only (no DB access)
C2|10:54:20|Night Audit|Open menu slot 4|window='Night Audit > GST Reports > GSTR-2(4B)'|C2_Night_Audit__GST_Reports__GSTR-24B.png|TopBarLib slot 4/5|n/a - menu/UI navigation only (no DB access)
C2|10:54:26|Night Audit|Open menu slot 5|window='Night Audit > GST Reports > Reconciliation (GSTR-2A)'|C2_Night_Audit__GST_Reports__Reconcilia.png|TopBarLib slot 5/5|n/a - menu/UI navigation only (no DB access)
C2|10:55:02|Finance|Slot 1 click|no window||TopBarLib|n/a - menu/UI navigation only (no DB access)
C2|10:55:06|Finance|Open menu slot 2|window='Finance > Transaction > Voucher Entry'|C2_Finance__Transaction__Voucher_Entry.png|TopBarLib slot 2/2|n/a - menu/UI navigation only (no DB access)
C2|10:55:14|Main Setup|Slot 1 click|no window||TopBarLib|n/a - menu/UI navigation only (no DB access)
C2|10:55:17|Main Setup|Open menu slot 2|window='Main Setup > General Setup > Tax Structure'|C2_Main_Setup__General_Setup__Tax_Struc.png|TopBarLib slot 2/9|n/a - menu/UI navigation only (no DB access)
C2|10:55:23|Main Setup|Open menu slot 3|window='Main Setup > General Setup > Payment Type'|C2_Main_Setup__General_Setup__Payment_T.png|TopBarLib slot 3/9|n/a - menu/UI navigation only (no DB access)
C2|10:55:29|Main Setup|Open menu slot 4|window='Main Setup > General Setup > Parameter'|C2_Main_Setup__General_Setup__Parameter.png|TopBarLib slot 4/9|n/a - menu/UI navigation only (no DB access)
C2|10:55:35|Main Setup|Open menu slot 5|window='Main Setup > General Setup > Printing Parameters'|C2_Main_Setup__General_Setup__Printing_.png|TopBarLib slot 5/9|n/a - menu/UI navigation only (no DB access)
C2|10:55:43|House Keeping|Slot 1 click|no window||TopBarLib|n/a - menu/UI navigation only (no DB access)
C2|10:55:46|House Keeping|Slot 2 click|no window||TopBarLib|n/a - menu/UI navigation only (no DB access)
C2|10:55:50|House Keeping|Slot 3 click|no window||TopBarLib|n/a - menu/UI navigation only (no DB access)
C2|10:55:56|Inventory|Open menu slot 1|window='Complaint Clearance'|C2_Complaint_Clearance.png|TopBarLib slot 1/5|n/a - menu/UI navigation only (no DB access)
C2|10:56:01|Inventory|Slot 2 click|no window||TopBarLib|n/a - menu/UI navigation only (no DB access)
C2|10:56:05|Inventory|Open menu slot 3|window='House Keeping > Operations > Complaint Clearance'|C2_House_Keeping__Operations__Complaint.png|TopBarLib slot 3/5|n/a - menu/UI navigation only (no DB access)
C2|10:56:11|Inventory|Open menu slot 4|window='House Keeping > Operations > Claim Entry'|C2_House_Keeping__Operations__Claim_Ent.png|TopBarLib slot 4/5|n/a - menu/UI navigation only (no DB access)
C2|10:56:16|Inventory|Open menu slot 5|window='House Keeping > Operations > House Keeping Screen'|C2_House_Keeping__Operations__House_Kee.png|TopBarLib slot 5/5|n/a - menu/UI navigation only (no DB access)
C2|10:56:24|Point Of Sale|Slot 1 click|no window||TopBarLib|n/a - menu/UI navigation only (no DB access)
C2|10:56:27|Point Of Sale|Open menu slot 2|window='Point Of Sale > POS Reports > Payment Receive Entry (POS)'|C2_Point_Of_Sale__POS_Reports__Payment_.png|TopBarLib slot 2/9|n/a - menu/UI navigation only (no DB access)
C2|10:56:33|Point Of Sale|Open menu slot 3|window='Point Of Sale > POS Reports > Sales Register'|C2_Point_Of_Sale__POS_Reports__Sales_Re.png|TopBarLib slot 3/9|n/a - menu/UI navigation only (no DB access)
C2|10:56:39|Point Of Sale|Open menu slot 4|window='Point Of Sale > POS Reports > Stewardwise Sale'|C2_Point_Of_Sale__POS_Reports__Stewardw.png|TopBarLib slot 4/9|n/a - menu/UI navigation only (no DB access)
C2|10:56:45|Point Of Sale|Open menu slot 5|window='Point Of Sale > POS Reports > Table wise Sale'|C2_Point_Of_Sale__POS_Reports__Table_wi.png|TopBarLib slot 5/9|n/a - menu/UI navigation only (no DB access)
C2|10:56:53|Banquet|Slot 1 click|no window||TopBarLib|n/a - menu/UI navigation only (no DB access)
C2|10:56:56|Banquet|Open menu slot 2|window='Banquet > Operation > Banquet Booking'|C2_Banquet__Operation__Banquet_Booking.png|TopBarLib slot 2/4|n/a - menu/UI navigation only (no DB access)
C2|10:57:02|Banquet|Open menu slot 3|window='Banquet > Operation > Catalog Selection'|C2_Banquet__Operation__Catalog_Selectio.png|TopBarLib slot 3/4|n/a - menu/UI navigation only (no DB access)
C2|10:57:08|Banquet|Open menu slot 4|window='Banquet > Operation > Chef Pre-Costing'|C2_Banquet__Operation__Chef_Pre-Costing.png|TopBarLib slot 4/4|n/a - menu/UI navigation only (no DB access)
C2|10:57:16|HR/Payroll|Slot 1 click|no window||TopBarLib|n/a - menu/UI navigation only (no DB access)
C2|10:57:20|HR/Payroll|Open menu slot 2|window='HR/Payroll > Operations > Loan/Advance'|C2_HRPayroll__Operations__LoanAdvance.png|TopBarLib slot 2/2|n/a - menu/UI navigation only (no DB access)
C2|10:57:28|EXTRAs|Slot 1 click|no window||TopBarLib|n/a - menu/UI navigation only (no DB access)
C3|11:25:04|05_Front_Office|Slot 1|no window||TopBarLib slot|n/a - menu/UI navigation only (no DB access)
C3|11:25:06|05_Front_Office|Open slot 2|window='Front Office > Operations > Room Status'|C3_02_Front_Office__Operations__Room_S.png|TopBarLib slot 2|n/a - menu/UI navigation only (no DB access)
C3|11:25:09|05_Front_Office|Open slot 3|window='Front Office > Operations > Expense Entry'|C3_03_Front_Office__Operations__Expens.png|TopBarLib slot 3|n/a - menu/UI navigation only (no DB access)
C3|11:25:12|05_Front_Office|Open slot 4|window='Front Office > Operations > Display Rack'|C3_04_Front_Office__Operations__Displa.png|TopBarLib slot 4|n/a - menu/UI navigation only (no DB access)
C3|11:25:14|05_Front_Office|Open slot 5|window='Front Office > Operations > Bill Reprint'|C3_05_Front_Office__Operations__Bill_R.png|TopBarLib slot 5|n/a - menu/UI navigation only (no DB access)
C3|11:25:26|04_Reservation|Slot 1|no window||TopBarLib slot|n/a - menu/UI navigation only (no DB access)
C3|11:25:28|04_Reservation|Open slot 2|window='Reservation > Operations > Look Up Room types'|C3_02_Reservation__Operations__Look_Up.png|TopBarLib slot 2|n/a - menu/UI navigation only (no DB access)
C3|11:25:31|04_Reservation|Open slot 3|window='Reservation > Operations > Look Up Rooms'|C3_03_Reservation__Operations__Look_Up.png|TopBarLib slot 3|n/a - menu/UI navigation only (no DB access)
C3|11:25:34|04_Reservation|Open slot 4|window='Reservation > Operations > Reservation With History'|C3_04_Reservation__Operations__Reserva.png|TopBarLib slot 4|n/a - menu/UI navigation only (no DB access)
C3S1|11:26:04|05_Front_Office|Slot1 double-click|window='Front Office > Operations > WalkIn CheckIn'|C3_S1_Front_Office__Operations__WalkIn.png|TopBarLib slot1|n/a - menu/UI navigation only (no DB access)
C3S1|11:26:11|04_Reservation|Slot1 double-click|window='Reservation > Operations > Reservation/Cancellation'|C3_S1_Reservation__Operations__Reserva.png|TopBarLib slot1|n/a - menu/UI navigation only (no DB access)
C3S1|11:26:19|10_Night_Audit|Slot1 double-click|window='Night Audit > GST Reports > GSTR-1'|C3_S1_Night_Audit__GST_Reports__GSTR-1.png|TopBarLib slot1|n/a - menu/UI navigation only (no DB access)
C3S1|11:26:26|03_Finance|Slot1 double-click|window='Finance > Transaction > Voucher Entry'|C3_S1_Finance__Transaction__Voucher_En.png|TopBarLib slot1|n/a - menu/UI navigation only (no DB access)
C3S1|11:26:33|02_Main_Setup|Slot1 double-click|window='Main Setup > General Setup > Tax Master'|C3_S1_Main_Setup__General_Setup__Tax_M.png|TopBarLib slot1|n/a - menu/UI navigation only (no DB access)
C3S1|11:26:41|06_House_Keeping|Slot1 double-click|window='House Keeping > Operations > Complaint Master'|C3_S1_House_Keeping__Operations__Compl.png|TopBarLib slot1|n/a - menu/UI navigation only (no DB access)
C3S1|11:26:48|07_Inventory|Slot1 double-click|window='Inventory > Operations > Indent'|C3_S1_Inventory__Operations__Indent.png|TopBarLib slot1|n/a - menu/UI navigation only (no DB access)
C3S1|11:26:56|08_POS|Slot1 double-click|window='Point Of Sale > POS Reports > Payment Receive Entry'|C3_S1_Point_Of_Sale__POS_Reports__Paym.png|TopBarLib slot1|n/a - menu/UI navigation only (no DB access)
C3S1|11:27:03|09_Banquet|Slot1 double-click|window='Banquet > Operation > Booking Inquiry'|C3_S1_Banquet__Operation__Booking_Inqu.png|TopBarLib slot1|n/a - menu/UI navigation only (no DB access)
C3S1|11:27:11|11_HR_Payroll|Slot1 double-click|window='HR/Payroll > Operations > Leave'|C3_S1_HRPayroll__Operations__Leave.png|TopBarLib slot1|n/a - menu/UI navigation only (no DB access)
P4|11:42:52|Messaging|In Box click|window='Inbox'|C3_INBOX_Inbox.png|EXTRAs strip In Box|Select * from DBSENDSMS Where ISNULL(SENDTF,'')<>'TRUE' (EXTRAS.text L7832) [VERIFIED-VB6]
P4|11:42:57|Dashboard|Property Status click|window='Property Status'|C3_PROPSTAT_Property_Status.png|EXTRAs strip|n/a - menu/UI navigation only (no DB access)
C3|11:43:32|03_Finance|Slot 1|no window||TopBarLib slot|n/a - menu/UI navigation only (no DB access)
C3|11:43:33|03_Finance|Open slot 2|window='Finance > Transaction > Expense Voucher'|C3_02_Finance__Transaction__Expense_Vo.png|TopBarLib slot 2|n/a - menu/UI navigation only (no DB access)
C3|11:43:45|02_Main_Setup|Slot 1|no window||TopBarLib slot|n/a - menu/UI navigation only (no DB access)
C3|11:43:47|02_Main_Setup|Open slot 2|window='Main Setup > General Setup > Tax Structure'|C3_02_Main_Setup__General_Setup__Tax_S.png|TopBarLib slot 2|n/a - menu/UI navigation only (no DB access)
C3|11:43:50|02_Main_Setup|Open slot 3|window='Main Setup > General Setup > Payment Type'|C3_03_Main_Setup__General_Setup__Payme.png|TopBarLib slot 3|n/a - menu/UI navigation only (no DB access)
C3|11:43:53|02_Main_Setup|Open slot 4|window='Main Setup > General Setup > Parameter'|C3_04_Main_Setup__General_Setup__Param.png|TopBarLib slot 4|n/a - menu/UI navigation only (no DB access)
C3|11:43:56|02_Main_Setup|Open slot 5|window='Main Setup > General Setup > Printing Parameters'|C3_05_Main_Setup__General_Setup__Print.png|TopBarLib slot 5|n/a - menu/UI navigation only (no DB access)
C3|11:44:00|02_Main_Setup|Open slot 6|window='Main Setup > General Setup > Printing Setup'|C3_06_Main_Setup__General_Setup__Print.png|TopBarLib slot 6|n/a - menu/UI navigation only (no DB access)
C3|11:44:09|02_Main_Setup|Slot 7|no window||TopBarLib slot|n/a - menu/UI navigation only (no DB access)
C3|11:44:16|02_Main_Setup|Slot 8|no window||TopBarLib slot|n/a - menu/UI navigation only (no DB access)
C3|11:44:24|02_Main_Setup|Slot 9|no window||TopBarLib slot|n/a - menu/UI navigation only (no DB access)
C3|11:44:34|11_HR_Payroll|Slot 1|no window||TopBarLib slot|n/a - menu/UI navigation only (no DB access)
C3|11:44:35|11_HR_Payroll|Open slot 2|window='HR/Payroll > Operations > Loan/Advance'|C3_02_HRPayroll__Operations__LoanAdvan.png|TopBarLib slot 2|n/a - menu/UI navigation only (no DB access)
C3|11:44:47|07_Inventory|Slot 1|no window||TopBarLib slot|n/a - menu/UI navigation only (no DB access)
C3|11:44:49|07_Inventory|Open slot 2|window='Inventory > Operations > Purchase Order'|C3_02_Inventory__Operations__Purchase_.png|TopBarLib slot 2|n/a - menu/UI navigation only (no DB access)
C3|11:44:52|07_Inventory|Open slot 3|window='Inventory > Operations > M.R. Entry'|C3_03_Inventory__Operations__MR_Entry.png|TopBarLib slot 3|n/a - menu/UI navigation only (no DB access)
C3|11:44:55|07_Inventory|Open slot 4|window='Inventory > Operations > Purchase Bill'|C3_04_Inventory__Operations__Purchase_.png|TopBarLib slot 4|n/a - menu/UI navigation only (no DB access)
C3|11:45:07|13_Messaging|Slot 1|no window||TopBarLib slot|n/a - menu/UI navigation only (no DB access)
P4|11:45:38|02_Main_Setup|Setup slot 7 dblclick|window='Main Setup > Utility > Menu Item Copy'|C3_S7_Main_Setup__Utility__Menu_Item_C.png|TopBarLib|n/a - menu/UI navigation only (no DB access)
P4|11:45:43|02_Main_Setup|Setup slot 8 dblclick|window='Main Setup > Utility > Guest LookUp'|C3_S8_Main_Setup__Utility__Guest_LookU.png|TopBarLib|n/a - menu/UI navigation only (no DB access)
P4|11:45:44|02_Main_Setup|Setup slot 8 dblclick|window='Main Setup > Utility > Guest LookUp'|C3_S8_Main_Setup__Utility__Guest_LookU.png|TopBarLib|n/a - menu/UI navigation only (no DB access)
P4|11:46:41|03_Finance|slot1 dblclick|window='Finance > Transaction > Voucher Entry'|C3_S1_Finance__Transaction__Voucher_En.png|TopBarLib|n/a - menu/UI navigation only (no DB access)
P4|11:46:48|11_HR_Payroll|slot1 dblclick|window='HR/Payroll > Operations > Leave'|C3_S1_HRPayroll__Operations__Leave.png|TopBarLib|n/a - menu/UI navigation only (no DB access)
C3|12:03:46|06_House_Keeping|Open slot 1|window='Complain Master'|C3_01_Complain_Master.png|TopBarLib slot 1|n/a - menu/UI navigation only (no DB access)
C3|12:03:56|06_House_Keeping|Slot 2|no window||TopBarLib slot|n/a - menu/UI navigation only (no DB access)
C3|12:04:03|06_House_Keeping|Slot 3|no window||TopBarLib slot|n/a - menu/UI navigation only (no DB access)
C3|12:04:14|08_POS|Slot 1|no window||TopBarLib slot|n/a - menu/UI navigation only (no DB access)
C3|12:04:21|08_POS|Slot 2|no window||TopBarLib slot|n/a - menu/UI navigation only (no DB access)
C3|12:04:28|08_POS|Slot 3|no window||TopBarLib slot|n/a - menu/UI navigation only (no DB access)
C3|12:04:36|08_POS|Slot 4|no window||TopBarLib slot|n/a - menu/UI navigation only (no DB access)
C3|12:04:43|08_POS|Slot 5|no window||TopBarLib slot|n/a - menu/UI navigation only (no DB access)
C3|12:04:53|09_Banquet|Slot 1|no window||TopBarLib slot|n/a - menu/UI navigation only (no DB access)
C3|12:05:01|09_Banquet|Slot 2|no window||TopBarLib slot|n/a - menu/UI navigation only (no DB access)
C3|12:05:08|09_Banquet|Slot 3|no window||TopBarLib slot|n/a - menu/UI navigation only (no DB access)
C3|12:05:16|09_Banquet|Slot 4|no window||TopBarLib slot|n/a - menu/UI navigation only (no DB access)
C3|12:05:23|09_Banquet|Slot 5|no window||TopBarLib slot|n/a - menu/UI navigation only (no DB access)
P5|12:06:47|06_House_Keeping|slot3 dblclick|window='House Keeping > Operations > Complaint Clearance'|C3_P5S3_House_Keeping__Operations__Compl.png|TopBarLib|n/a - menu/UI navigation only (no DB access)
P5|12:07:29|08_POS|slot1 click+dbl|window='Point Of Sale > POS Reports > Payment Receive Entry'|C3_P5B1_Point_Of_Sale__POS_Reports__Paym.png|TopBarLib|n/a - menu/UI navigation only (no DB access)
P5|12:08:09|08_POS|slot5 dblclick|window='Point Of Sale > Hight Way point > Sale Bill Entry'|C3_P5C5_Point_Of_Sale__Hight_Way_point__.png|TopBarLib|n/a - menu/UI navigation only (no DB access)
P5|12:08:13|08_POS|slot6 dblclick|window='Point Of Sale > Hight Way point > Settlement Entry'|C3_P5C6_Point_Of_Sale__Hight_Way_point__.png|TopBarLib|n/a - menu/UI navigation only (no DB access)
P5|12:08:18|08_POS|slot7 dblclick|window='Point Of Sale > Hight Way point > POS Bill Reprint'|C3_P5C7_Point_Of_Sale__Hight_Way_point__.png|TopBarLib|n/a - menu/UI navigation only (no DB access)
P5|12:08:20|08_POS|slot7 dblclick|window='Point Of Sale > Hight Way point > POS Bill Reprint'|C3_P5C7_Point_Of_Sale__Hight_Way_point__.png|TopBarLib|n/a - menu/UI navigation only (no DB access)
P5|12:09:06|08_POS|slot8 dblclick|window='Point Of Sale > MOON TEA CAFE > Bill Lookup'|C3_P5D8_Point_Of_Sale__MOON_TEA_CAFE__Bi.png|TopBarLib|n/a - menu/UI navigation only (no DB access)
P5|12:09:22|09_Banquet|slot7 dblclick|window='Bill Look Up'|C3_P5D7_Bill_Look_Up.png|TopBarLib|n/a - menu/UI navigation only (no DB access)
P6|12:20:41|13_Messaging|slot1 click-seq|window='EXTRAs > SMS > Sstup > SMS (API)'|C3_P6S1_EXTRAs__SMS__Sstup__SMS_API.png|TopBarLib|n/a - menu/UI navigation only (no DB access)
RBAC|12:40:47|Login|Deepak login attempt|typed ******|||select * from usermast order by user_name (EXTRAS.text L9885); password check Proc_96_19_EEE9F4 L231657 [VERIFIED-VB6]
RBAC|12:40:51|Login|Deepak attempt failed|MSG: Invalid Password|RBAC_Deepak_LoginError.png||select * from usermast order by user_name (EXTRAS.text L9885); password check Proc_96_19_EEE9F4 L231657 [VERIFIED-VB6]
C3|21:10:58|02_Main_Setup|Open slot 1|window='Main Setup > General Setup > Tax Master'|C3_01_Main_Setup__General_Setup__Tax_M.png|TopBarLib slot 1|n/a - menu/UI navigation only (no DB access)
C3|21:11:00|02_Main_Setup|Open slot 1|window='Main Setup > General Setup > Tax Master'|C3_01_Main_Setup__General_Setup__Tax_M.png|TopBarLib slot 1|n/a - menu/UI navigation only (no DB access)
C3|21:11:04|02_Main_Setup|Open slot 2|window='Main Setup > General Setup > Tax Structure'|C3_02_Main_Setup__General_Setup__Tax_S.png|TopBarLib slot 2|n/a - menu/UI navigation only (no DB access)
C3|21:11:07|02_Main_Setup|Open slot 3|window='Main Setup > General Setup > Payment Type'|C3_03_Main_Setup__General_Setup__Payme.png|TopBarLib slot 3|n/a - menu/UI navigation only (no DB access)
C3|21:11:10|02_Main_Setup|Open slot 4|window='Main Setup > General Setup > Parameter'|C3_04_Main_Setup__General_Setup__Param.png|TopBarLib slot 4|n/a - menu/UI navigation only (no DB access)
C3|21:11:14|02_Main_Setup|Open slot 5|window='Main Setup > General Setup > Printing Parameters'|C3_05_Main_Setup__General_Setup__Print.png|TopBarLib slot 5|n/a - menu/UI navigation only (no DB access)
C3|21:11:17|02_Main_Setup|Open slot 6|window='Main Setup > General Setup > Printing Setup'|C3_06_Main_Setup__General_Setup__Print.png|TopBarLib slot 6|n/a - menu/UI navigation only (no DB access)
C3|21:11:26|02_Main_Setup|Slot 7|no window||TopBarLib slot|n/a - menu/UI navigation only (no DB access)
C3|21:11:34|02_Main_Setup|Slot 8|no window||TopBarLib slot|n/a - menu/UI navigation only (no DB access)
C3|21:11:41|02_Main_Setup|Slot 9|no window||TopBarLib slot|n/a - menu/UI navigation only (no DB access)
C3|21:12:42|03_Finance|Slot 1|no window||TopBarLib slot|n/a - menu/UI navigation only (no DB access)
C3|21:12:44|03_Finance|Open slot 2|window='Finance > Transaction > Expense Voucher'|C3_02_Finance__Transaction__Expense_Vo.png|TopBarLib slot 2|n/a - menu/UI navigation only (no DB access)
C3|21:12:56|06_House_Keeping|Slot 1|no window||TopBarLib slot|n/a - menu/UI navigation only (no DB access)
C3|21:12:58|06_House_Keeping|Open slot 2|window='House Keeping > Operations > Complaint Master'|C3_02_House_Keeping__Operations__Compl.png|TopBarLib slot 2|n/a - menu/UI navigation only (no DB access)
C3|21:13:07|06_House_Keeping|Slot 3|no window||TopBarLib slot|n/a - menu/UI navigation only (no DB access)
C3|21:13:14|06_House_Keeping|Slot 4|no window||TopBarLib slot|n/a - menu/UI navigation only (no DB access)
C3|21:27:27|07_Inventory|Slot 1|no window||TopBarLib slot|n/a - menu/UI navigation only (no DB access)
C3|21:27:28|07_Inventory|Open slot 2|window='Inventory > Operations > Indent'|C3_02_Inventory__Operations__Indent.png|TopBarLib slot 2|n/a - menu/UI navigation only (no DB access)
C3|21:27:32|07_Inventory|Open slot 3|window='Inventory > Operations > Purchase Order'|C3_03_Inventory__Operations__Purchase_.png|TopBarLib slot 3|n/a - menu/UI navigation only (no DB access)
C3|21:27:35|07_Inventory|Open slot 4|window='Inventory > Operations > M.R. Entry'|C3_04_Inventory__Operations__MR_Entry.png|TopBarLib slot 4|n/a - menu/UI navigation only (no DB access)
C3|21:27:39|07_Inventory|Open slot 5|window='Inventory > Operations > Purchase Bill'|C3_05_Inventory__Operations__Purchase_.png|TopBarLib slot 5|n/a - menu/UI navigation only (no DB access)
C4|21:34:24|03_Finance|Open Ledger|window='ReprtForm' close=wm_close|C4_L1+sub_ReprtForm_20260928_213423.png|handle-walk|report SELECT via FaReports - query embedded in .rpt; SQL NOT YET IDENTIFIED; verify: 17_Reports/REPORTS_TXT extracts
C4|21:34:26|03_Finance|Open Cash Book|window='Finance > Reports > Cash Book' close=wm_close|C4_L1+sub_Finance__Reports__Cash_Book_20260928_213425.png|handle-walk|report SELECT via FaReports - query embedded in .rpt; SQL NOT YET IDENTIFIED; verify: 17_Reports/REPORTS_TXT extracts
C4|21:34:28|03_Finance|Open Bank Book|window='Finance > Reports > Bank Book' close=wm_close|C4_L1+sub_Finance__Reports__Bank_Book_20260928_213428.png|handle-walk|report SELECT via FaReports - query embedded in .rpt; SQL NOT YET IDENTIFIED; verify: 17_Reports/REPORTS_TXT extracts
C4|21:34:30|03_Finance|Open Journal Books|window='Finance > Reports > Journal Books' close=wm_close|C4_L1+sub_Finance__Reports__Journal_Books_20260928_213430.png|handle-walk|report SELECT via FaReports - query embedded in .rpt; SQL NOT YET IDENTIFIED; verify: 17_Reports/REPORTS_TXT extracts
C4|21:34:33|03_Finance|Open Annexure|window='Finance > Reports > Annexure' close=wm_close|C4_L1+sub_Finance__Reports__Annexure_20260928_213432.png|handle-walk|report SELECT via FaReports - query embedded in .rpt; SQL NOT YET IDENTIFIED; verify: 17_Reports/REPORTS_TXT extracts
C4|21:34:35|03_Finance|Open Bank Register|window='Finance > Reports > Bank Register' close=wm_close|C4_L1+sub_Finance__Reports__Bank_Register_20260928_213434.png|handle-walk|report SELECT via FaReports - query embedded in .rpt; SQL NOT YET IDENTIFIED; verify: 17_Reports/REPORTS_TXT extracts
C4|21:34:37|03_Finance|Open Ageing Analysis for Debtors|window='Finance > Reports > Ageing Analysis for Debtors' close=wm_close|C4_L1+sub_Finance__Reports__Ageing_Analysi_20260928_213436.png|handle-walk|report SELECT via FaReports - query embedded in .rpt; SQL NOT YET IDENTIFIED; verify: 17_Reports/REPORTS_TXT extracts
C4|21:34:39|03_Finance|Open Ageing Analysis for Creditors|window='Finance > Reports > Ageing Analysis for Creditors' close=wm_close|C4_L1+sub_Finance__Reports__Ageing_Analysi_20260928_213438.png|handle-walk|report SELECT via FaReports - query embedded in .rpt; SQL NOT YET IDENTIFIED; verify: 17_Reports/REPORTS_TXT extracts
C4|21:34:41|03_Finance|Open Outstanding Report For Creditors|window='Finance > Reports > Outstanding Report For Creditors' close=wm_close|C4_L1+sub_Finance__Reports__Outstanding_Re_20260928_213440.png|handle-walk|report SELECT via FaReports - query embedded in .rpt; SQL NOT YET IDENTIFIED; verify: 17_Reports/REPORTS_TXT extracts
C4|21:34:44|03_Finance|Open Detailed Trial Ledger|window='Finance > Reports > Detailed Trial Ledger' close=wm_close|C4_L1+sub_Finance__Reports__Detailed_Trial_20260928_213443.png|handle-walk|report SELECT via FaReports - query embedded in .rpt; SQL NOT YET IDENTIFIED; verify: 17_Reports/REPORTS_TXT extracts
C4|21:34:46|03_Finance|Open Bill Wise Outstanding Report For Debtors|window='Finance > Reports > Bill Wise Outstanding Report For Debtors' close=wm_close|C4_L1+sub_Finance__Reports__Bill_Wise_Outs_20260928_213445.png|handle-walk|report SELECT via FaReports - query embedded in .rpt; SQL NOT YET IDENTIFIED; verify: 17_Reports/REPORTS_TXT extracts
C4|21:34:48|03_Finance|Open Cheque Cleared Register|window='Finance > Reports > Cheque Cleared Register' close=wm_close|C4_L1+sub_Finance__Reports__Cheque_Cleared_20260928_213447.png|handle-walk|report SELECT via FaReports - query embedded in .rpt; SQL NOT YET IDENTIFIED; verify: 17_Reports/REPORTS_TXT extracts
C4|21:34:50|03_Finance|Open Cheque Not Cleared Register|window='Finance > Reports > Cheque Not Cleared Register' close=wm_close|C4_L1+sub_Finance__Reports__Cheque_Not_Cle_20260928_213449.png|handle-walk|report SELECT via FaReports - query embedded in .rpt; SQL NOT YET IDENTIFIED; verify: 17_Reports/REPORTS_TXT extracts
C4|21:34:52|03_Finance|Open Journal Books Log|window='Finance > Reports > Journal Books Log' close=wm_close|C4_L1+sub_Finance__Reports__Journal_Books__20260928_213451.png|handle-walk|report SELECT via FaReports - query embedded in .rpt; SQL NOT YET IDENTIFIED; verify: 17_Reports/REPORTS_TXT extracts
C4|21:34:55|03_Finance|Open Cash Flow|window='Finance > Reports > Cash Flow' close=wm_close|C4_L1+sub_Finance__Reports__Cash_Flow_20260928_213454.png|handle-walk|report SELECT via FaReports - query embedded in .rpt; SQL NOT YET IDENTIFIED; verify: 17_Reports/REPORTS_TXT extracts
C4|21:34:57|03_Finance|Open Fund Flow|window='Finance > Reports > Fund Flow' close=wm_close|C4_L1+sub_Finance__Reports__Fund_Flow_20260928_213456.png|handle-walk|report SELECT via FaReports - query embedded in .rpt; SQL NOT YET IDENTIFIED; verify: 17_Reports/REPORTS_TXT extracts
C4|21:35:01|03_Finance|No window: Non Transaction Report|||topbar|n/a - no window opened (report host unavailable in session)
C4|21:35:04|03_Finance|No window: Reference Report|||topbar|n/a - no window opened (report host unavailable in session)
C4|21:35:08|03_Finance|No window: A/c Check List|||topbar|n/a - no window opened (report host unavailable in session)
C4|21:35:11|03_Finance|No window: Control Ledger|||topbar|n/a - no window opened (report host unavailable in session)
C4|21:35:15|03_Finance|No window: Roz Namcha|||topbar|n/a - no window opened (report host unavailable in session)
C4|21:35:18|03_Finance|No window: TDS Report|||topbar|n/a - no window opened (report host unavailable in session)
C4|21:36:27|08_POS|Open Open Item Sales|window='Point Of Sale > POS M.I.S. > Open Item Sales' close=wm_close|C4_L1+sub_Point_Of_Sale__POS_MIS__Open_Ite_20260928_213626.png|handle-walk|report SELECT via rPOSRepView - query embedded in .rpt; SQL NOT YET IDENTIFIED; verify: 17_Reports/REPORTS_TXT extracts
C4|21:36:29|08_POS|Open Void Bills|window='Point Of Sale > POS M.I.S. > Void Bills' close=wm_close|C4_L1+sub_Point_Of_Sale__POS_MIS__Void_Bil_20260928_213629.png|handle-walk|report SELECT via rPOSRepView - query embedded in .rpt; SQL NOT YET IDENTIFIED; verify: 17_Reports/REPORTS_TXT extracts
C4|21:36:32|08_POS|Open KOT Change Report|window='Point Of Sale > POS M.I.S. > KOT Change Report' close=wm_close|C4_L1+sub_Point_Of_Sale__POS_MIS__KOT_Chan_20260928_213631.png|handle-walk|report SELECT via rPOSRepView - query embedded in .rpt; SQL NOT YET IDENTIFIED; verify: 17_Reports/REPORTS_TXT extracts
C4|21:36:34|08_POS|Open Discount Summary|window='Point Of Sale > POS M.I.S. > Discount Summary' close=wm_close|C4_L1+sub_Point_Of_Sale__POS_MIS__Discount_20260928_213633.png|handle-walk|report SELECT via rPOSRepView - query embedded in .rpt; SQL NOT YET IDENTIFIED; verify: 17_Reports/REPORTS_TXT extracts
C4|21:36:36|08_POS|Open Monthwise Sales|window='Point Of Sale > POS M.I.S. > Monthwise Sales' close=wm_close|C4_L1+sub_Point_Of_Sale__POS_MIS__Monthwis_20260928_213635.png|handle-walk|report SELECT via rPOSRepView - query embedded in .rpt; SQL NOT YET IDENTIFIED; verify: 17_Reports/REPORTS_TXT extracts
C4|21:36:38|08_POS|Open ABC  Analysis|window='Point Of Sale > POS M.I.S. > ABC  Analysis' close=wm_close|C4_L1+sub_Point_Of_Sale__POS_MIS__ABC__Ana_20260928_213637.png|handle-walk|report SELECT via rPOSRepView - query embedded in .rpt; SQL NOT YET IDENTIFIED; verify: 17_Reports/REPORTS_TXT extracts
C4|21:36:40|08_POS|Open Sale Summary|window='Point Of Sale > POS M.I.S. > Sale Summary' close=wm_close|C4_L1+sub_Point_Of_Sale__POS_MIS__Sale_Sum_20260928_213639.png|handle-walk|report SELECT via rPOSRepView - query embedded in .rpt; SQL NOT YET IDENTIFIED; verify: 17_Reports/REPORTS_TXT extracts
C4|21:36:42|08_POS|Open Edited Bills|window='Point Of Sale > POS M.I.S. > Edited Bills' close=wm_close|C4_L1+sub_Point_Of_Sale__POS_MIS__Edited_B_20260928_213641.png|handle-walk|report SELECT via rPOSRepView - query embedded in .rpt; SQL NOT YET IDENTIFIED; verify: 17_Reports/REPORTS_TXT extracts
C4|21:36:48|08_POS|Open Open Item Sales|window='Point Of Sale > POS M.I.S. > Open Item Sales' close=wm_close|C4_L1+sub_Point_Of_Sale__POS_MIS__Open_Ite_20260928_213647.png|handle-walk|report SELECT via rPOSRepView - query embedded in .rpt; SQL NOT YET IDENTIFIED; verify: 17_Reports/REPORTS_TXT extracts
C4|21:36:50|08_POS|Open Void Bills|window='Point Of Sale > POS M.I.S. > Void Bills' close=wm_close|C4_L1+sub_Point_Of_Sale__POS_MIS__Void_Bil_20260928_213649.png|handle-walk|report SELECT via rPOSRepView - query embedded in .rpt; SQL NOT YET IDENTIFIED; verify: 17_Reports/REPORTS_TXT extracts
C4|21:36:52|08_POS|Open KOT Change Report|window='Point Of Sale > POS M.I.S. > KOT Change Report' close=wm_close|C4_L1+sub_Point_Of_Sale__POS_MIS__KOT_Chan_20260928_213651.png|handle-walk|report SELECT via rPOSRepView - query embedded in .rpt; SQL NOT YET IDENTIFIED; verify: 17_Reports/REPORTS_TXT extracts
C4|21:36:54|08_POS|Open Discount Summary|window='Point Of Sale > POS M.I.S. > Discount Summary' close=wm_close|C4_L1+sub_Point_Of_Sale__POS_MIS__Discount_20260928_213654.png|handle-walk|report SELECT via rPOSRepView - query embedded in .rpt; SQL NOT YET IDENTIFIED; verify: 17_Reports/REPORTS_TXT extracts
C4|21:36:56|08_POS|Open Monthwise Sales|window='Point Of Sale > POS M.I.S. > Monthwise Sales' close=wm_close|C4_L1+sub_Point_Of_Sale__POS_MIS__Monthwis_20260928_213656.png|handle-walk|report SELECT via rPOSRepView - query embedded in .rpt; SQL NOT YET IDENTIFIED; verify: 17_Reports/REPORTS_TXT extracts
C4|21:36:59|08_POS|Open ABC  Analysis|window='Point Of Sale > POS M.I.S. > ABC  Analysis' close=wm_close|C4_L1+sub_Point_Of_Sale__POS_MIS__ABC__Ana_20260928_213658.png|handle-walk|report SELECT via rPOSRepView - query embedded in .rpt; SQL NOT YET IDENTIFIED; verify: 17_Reports/REPORTS_TXT extracts
C4|21:37:01|08_POS|Open Sale Summary|window='Point Of Sale > POS M.I.S. > Sale Summary' close=wm_close|C4_L1+sub_Point_Of_Sale__POS_MIS__Sale_Sum_20260928_213700.png|handle-walk|report SELECT via rPOSRepView - query embedded in .rpt; SQL NOT YET IDENTIFIED; verify: 17_Reports/REPORTS_TXT extracts
C4|21:37:03|08_POS|Open Edited Bills|window='Point Of Sale > POS M.I.S. > Edited Bills' close=wm_close|C4_L1+sub_Point_Of_Sale__POS_MIS__Edited_B_20260928_213702.png|handle-walk|report SELECT via rPOSRepView - query embedded in .rpt; SQL NOT YET IDENTIFIED; verify: 17_Reports/REPORTS_TXT extracts
C4|21:37:09|08_POS|Open Open Item Sales|window='Point Of Sale > POS M.I.S. > Open Item Sales' close=wm_close|C4_L1+sub_Point_Of_Sale__POS_MIS__Open_Ite_20260928_213708.png|handle-walk|report SELECT via rPOSRepView - query embedded in .rpt; SQL NOT YET IDENTIFIED; verify: 17_Reports/REPORTS_TXT extracts
C4|21:37:11|08_POS|Open Void Bills|window='Point Of Sale > POS M.I.S. > Void Bills' close=wm_close|C4_L1+sub_Point_Of_Sale__POS_MIS__Void_Bil_20260928_213710.png|handle-walk|report SELECT via rPOSRepView - query embedded in .rpt; SQL NOT YET IDENTIFIED; verify: 17_Reports/REPORTS_TXT extracts
C4|21:37:13|08_POS|Open KOT Change Report|window='Point Of Sale > POS M.I.S. > KOT Change Report' close=wm_close|C4_L1+sub_Point_Of_Sale__POS_MIS__KOT_Chan_20260928_213712.png|handle-walk|report SELECT via rPOSRepView - query embedded in .rpt; SQL NOT YET IDENTIFIED; verify: 17_Reports/REPORTS_TXT extracts
C4|21:37:15|08_POS|Open Discount Summary|window='Point Of Sale > POS M.I.S. > Discount Summary' close=wm_close|C4_L1+sub_Point_Of_Sale__POS_MIS__Discount_20260928_213714.png|handle-walk|report SELECT via rPOSRepView - query embedded in .rpt; SQL NOT YET IDENTIFIED; verify: 17_Reports/REPORTS_TXT extracts
C4|21:37:17|08_POS|Open Monthwise Sales|window='Point Of Sale > POS M.I.S. > Monthwise Sales' close=wm_close|C4_L1+sub_Point_Of_Sale__POS_MIS__Monthwis_20260928_213716.png|handle-walk|report SELECT via rPOSRepView - query embedded in .rpt; SQL NOT YET IDENTIFIED; verify: 17_Reports/REPORTS_TXT extracts
C4|21:37:19|08_POS|Open ABC  Analysis|window='Point Of Sale > POS M.I.S. > ABC  Analysis' close=wm_close|C4_L1+sub_Point_Of_Sale__POS_MIS__ABC__Ana_20260928_213718.png|handle-walk|report SELECT via rPOSRepView - query embedded in .rpt; SQL NOT YET IDENTIFIED; verify: 17_Reports/REPORTS_TXT extracts
C4|21:37:21|08_POS|Open Sale Summary|window='Point Of Sale > POS M.I.S. > Sale Summary' close=wm_close|C4_L1+sub_Point_Of_Sale__POS_MIS__Sale_Sum_20260928_213721.png|handle-walk|report SELECT via rPOSRepView - query embedded in .rpt; SQL NOT YET IDENTIFIED; verify: 17_Reports/REPORTS_TXT extracts
C4|21:37:24|08_POS|Open Edited Bills|window='Point Of Sale > POS M.I.S. > Edited Bills' close=wm_close|C4_L1+sub_Point_Of_Sale__POS_MIS__Edited_B_20260928_213723.png|handle-walk|report SELECT via rPOSRepView - query embedded in .rpt; SQL NOT YET IDENTIFIED; verify: 17_Reports/REPORTS_TXT extracts
C4|21:37:29|08_POS|Open Open Item Sales|window='Point Of Sale > POS M.I.S. > Open Item Sales' close=wm_close|C4_L1+sub_Point_Of_Sale__POS_MIS__Open_Ite_20260928_213728.png|handle-walk|report SELECT via rPOSRepView - query embedded in .rpt; SQL NOT YET IDENTIFIED; verify: 17_Reports/REPORTS_TXT extracts
C4|21:37:31|08_POS|Open Void Bills|window='Point Of Sale > POS M.I.S. > Void Bills' close=wm_close|C4_L1+sub_Point_Of_Sale__POS_MIS__Void_Bil_20260928_213730.png|handle-walk|report SELECT via rPOSRepView - query embedded in .rpt; SQL NOT YET IDENTIFIED; verify: 17_Reports/REPORTS_TXT extracts
C4|21:37:33|08_POS|Open KOT Change Report|window='Point Of Sale > POS M.I.S. > KOT Change Report' close=wm_close|C4_L1+sub_Point_Of_Sale__POS_MIS__KOT_Chan_20260928_213733.png|handle-walk|report SELECT via rPOSRepView - query embedded in .rpt; SQL NOT YET IDENTIFIED; verify: 17_Reports/REPORTS_TXT extracts
C4|21:37:36|08_POS|Open Discount Summary|window='Point Of Sale > POS M.I.S. > Discount Summary' close=wm_close|C4_L1+sub_Point_Of_Sale__POS_MIS__Discount_20260928_213735.png|handle-walk|report SELECT via rPOSRepView - query embedded in .rpt; SQL NOT YET IDENTIFIED; verify: 17_Reports/REPORTS_TXT extracts
C4|21:37:38|08_POS|Open Monthwise Sales|window='Point Of Sale > POS M.I.S. > Monthwise Sales' close=wm_close|C4_L1+sub_Point_Of_Sale__POS_MIS__Monthwis_20260928_213737.png|handle-walk|report SELECT via rPOSRepView - query embedded in .rpt; SQL NOT YET IDENTIFIED; verify: 17_Reports/REPORTS_TXT extracts
C4|21:37:40|08_POS|Open ABC  Analysis|window='Point Of Sale > POS M.I.S. > ABC  Analysis' close=wm_close|C4_L1+sub_Point_Of_Sale__POS_MIS__ABC__Ana_20260928_213739.png|handle-walk|report SELECT via rPOSRepView - query embedded in .rpt; SQL NOT YET IDENTIFIED; verify: 17_Reports/REPORTS_TXT extracts
C4|21:37:42|08_POS|Open Sale Summary|window='Point Of Sale > POS M.I.S. > Sale Summary' close=wm_close|C4_L1+sub_Point_Of_Sale__POS_MIS__Sale_Sum_20260928_213741.png|handle-walk|report SELECT via rPOSRepView - query embedded in .rpt; SQL NOT YET IDENTIFIED; verify: 17_Reports/REPORTS_TXT extracts
C4|21:37:44|08_POS|Open Edited Bills|window='Point Of Sale > POS M.I.S. > Edited Bills' close=wm_close|C4_L1+sub_Point_Of_Sale__POS_MIS__Edited_B_20260928_213743.png|handle-walk|report SELECT via rPOSRepView - query embedded in .rpt; SQL NOT YET IDENTIFIED; verify: 17_Reports/REPORTS_TXT extracts
C4|21:37:50|08_POS|Open Open Item Sales|window='Point Of Sale > POS M.I.S. > Open Item Sales' close=wm_close|C4_L1+sub_Point_Of_Sale__POS_MIS__Open_Ite_20260928_213749.png|handle-walk|report SELECT via rPOSRepView - query embedded in .rpt; SQL NOT YET IDENTIFIED; verify: 17_Reports/REPORTS_TXT extracts
C4|21:37:52|08_POS|Open Void Bills|window='Point Of Sale > POS M.I.S. > Void Bills' close=wm_close|C4_L1+sub_Point_Of_Sale__POS_MIS__Void_Bil_20260928_213751.png|handle-walk|report SELECT via rPOSRepView - query embedded in .rpt; SQL NOT YET IDENTIFIED; verify: 17_Reports/REPORTS_TXT extracts
C4|21:37:54|08_POS|Open KOT Change Report|window='Point Of Sale > POS M.I.S. > KOT Change Report' close=wm_close|C4_L1+sub_Point_Of_Sale__POS_MIS__KOT_Chan_20260928_213753.png|handle-walk|report SELECT via rPOSRepView - query embedded in .rpt; SQL NOT YET IDENTIFIED; verify: 17_Reports/REPORTS_TXT extracts
C4|21:37:56|08_POS|Open Discount Summary|window='Point Of Sale > POS M.I.S. > Discount Summary' close=wm_close|C4_L1+sub_Point_Of_Sale__POS_MIS__Discount_20260928_213755.png|handle-walk|report SELECT via rPOSRepView - query embedded in .rpt; SQL NOT YET IDENTIFIED; verify: 17_Reports/REPORTS_TXT extracts
C4|21:37:58|08_POS|Open Monthwise Sales|window='Point Of Sale > POS M.I.S. > Monthwise Sales' close=wm_close|C4_L1+sub_Point_Of_Sale__POS_MIS__Monthwis_20260928_213757.png|handle-walk|report SELECT via rPOSRepView - query embedded in .rpt; SQL NOT YET IDENTIFIED; verify: 17_Reports/REPORTS_TXT extracts
C4|21:38:00|08_POS|Open ABC  Analysis|window='Point Of Sale > POS M.I.S. > ABC  Analysis' close=wm_close|C4_L1+sub_Point_Of_Sale__POS_MIS__ABC__Ana_20260928_213800.png|handle-walk|report SELECT via rPOSRepView - query embedded in .rpt; SQL NOT YET IDENTIFIED; verify: 17_Reports/REPORTS_TXT extracts
C4|21:38:03|08_POS|Open Sale Summary|window='Point Of Sale > POS M.I.S. > Sale Summary' close=wm_close|C4_L1+sub_Point_Of_Sale__POS_MIS__Sale_Sum_20260928_213802.png|handle-walk|report SELECT via rPOSRepView - query embedded in .rpt; SQL NOT YET IDENTIFIED; verify: 17_Reports/REPORTS_TXT extracts
C4|21:38:05|08_POS|Open Edited Bills|window='Point Of Sale > POS M.I.S. > Edited Bills' close=wm_close|C4_L1+sub_Point_Of_Sale__POS_MIS__Edited_B_20260928_213804.png|handle-walk|report SELECT via rPOSRepView - query embedded in .rpt; SQL NOT YET IDENTIFIED; verify: 17_Reports/REPORTS_TXT extracts
C4|21:38:10|08_POS|Open Open Item Sales|window='Point Of Sale > POS M.I.S. > Open Item Sales' close=wm_close|C4_L1+sub_Point_Of_Sale__POS_MIS__Open_Ite_20260928_213809.png|handle-walk|report SELECT via rPOSRepView - query embedded in .rpt; SQL NOT YET IDENTIFIED; verify: 17_Reports/REPORTS_TXT extracts
C4|21:38:12|08_POS|Open Void Bills|window='Point Of Sale > POS M.I.S. > Void Bills' close=wm_close|C4_L1+sub_Point_Of_Sale__POS_MIS__Void_Bil_20260928_213812.png|handle-walk|report SELECT via rPOSRepView - query embedded in .rpt; SQL NOT YET IDENTIFIED; verify: 17_Reports/REPORTS_TXT extracts
C4|21:38:15|08_POS|Open KOT Change Report|window='Point Of Sale > POS M.I.S. > KOT Change Report' close=wm_close|C4_L1+sub_Point_Of_Sale__POS_MIS__KOT_Chan_20260928_213814.png|handle-walk|report SELECT via rPOSRepView - query embedded in .rpt; SQL NOT YET IDENTIFIED; verify: 17_Reports/REPORTS_TXT extracts
C4|21:38:17|08_POS|Open Discount Summary|window='Point Of Sale > POS M.I.S. > Discount Summary' close=wm_close|C4_L1+sub_Point_Of_Sale__POS_MIS__Discount_20260928_213816.png|handle-walk|report SELECT via rPOSRepView - query embedded in .rpt; SQL NOT YET IDENTIFIED; verify: 17_Reports/REPORTS_TXT extracts
C4|21:38:19|08_POS|Open Monthwise Sales|window='Point Of Sale > POS M.I.S. > Monthwise Sales' close=wm_close|C4_L1+sub_Point_Of_Sale__POS_MIS__Monthwis_20260928_213818.png|handle-walk|report SELECT via rPOSRepView - query embedded in .rpt; SQL NOT YET IDENTIFIED; verify: 17_Reports/REPORTS_TXT extracts
C4|21:38:21|08_POS|Open ABC  Analysis|window='Point Of Sale > POS M.I.S. > ABC  Analysis' close=wm_close|C4_L1+sub_Point_Of_Sale__POS_MIS__ABC__Ana_20260928_213820.png|handle-walk|report SELECT via rPOSRepView - query embedded in .rpt; SQL NOT YET IDENTIFIED; verify: 17_Reports/REPORTS_TXT extracts
C4|21:38:23|08_POS|Open Sale Summary|window='Point Of Sale > POS M.I.S. > Sale Summary' close=wm_close|C4_L1+sub_Point_Of_Sale__POS_MIS__Sale_Sum_20260928_213822.png|handle-walk|report SELECT via rPOSRepView - query embedded in .rpt; SQL NOT YET IDENTIFIED; verify: 17_Reports/REPORTS_TXT extracts
C4|21:38:25|08_POS|Open Edited Bills|window='Point Of Sale > POS M.I.S. > Edited Bills' close=wm_close|C4_L1+sub_Point_Of_Sale__POS_MIS__Edited_B_20260928_213824.png|handle-walk|report SELECT via rPOSRepView - query embedded in .rpt; SQL NOT YET IDENTIFIED; verify: 17_Reports/REPORTS_TXT extracts
C4|21:38:31|08_POS|Open Open Item Sales|window='Point Of Sale > POS M.I.S. > Open Item Sales' close=wm_close|C4_L1+sub_Point_Of_Sale__POS_MIS__Open_Ite_20260928_213830.png|handle-walk|report SELECT via rPOSRepView - query embedded in .rpt; SQL NOT YET IDENTIFIED; verify: 17_Reports/REPORTS_TXT extracts
C4|21:38:33|08_POS|Open Void Bills|window='Point Of Sale > POS M.I.S. > Void Bills' close=wm_close|C4_L1+sub_Point_Of_Sale__POS_MIS__Void_Bil_20260928_213832.png|handle-walk|report SELECT via rPOSRepView - query embedded in .rpt; SQL NOT YET IDENTIFIED; verify: 17_Reports/REPORTS_TXT extracts
C4|21:38:35|08_POS|Open KOT Change Report|window='Point Of Sale > POS M.I.S. > KOT Change Report' close=wm_close|C4_L1+sub_Point_Of_Sale__POS_MIS__KOT_Chan_20260928_213834.png|handle-walk|report SELECT via rPOSRepView - query embedded in .rpt; SQL NOT YET IDENTIFIED; verify: 17_Reports/REPORTS_TXT extracts
C4|21:38:37|08_POS|Open Discount Summary|window='Point Of Sale > POS M.I.S. > Discount Summary' close=wm_close|C4_L1+sub_Point_Of_Sale__POS_MIS__Discount_20260928_213836.png|handle-walk|report SELECT via rPOSRepView - query embedded in .rpt; SQL NOT YET IDENTIFIED; verify: 17_Reports/REPORTS_TXT extracts
C4|21:38:40|08_POS|Open Monthwise Sales|window='Point Of Sale > POS M.I.S. > Monthwise Sales' close=wm_close|C4_L1+sub_Point_Of_Sale__POS_MIS__Monthwis_20260928_213839.png|handle-walk|report SELECT via rPOSRepView - query embedded in .rpt; SQL NOT YET IDENTIFIED; verify: 17_Reports/REPORTS_TXT extracts
C4|21:38:42|08_POS|Open ABC  Analysis|window='Point Of Sale > POS M.I.S. > ABC  Analysis' close=wm_close|C4_L1+sub_Point_Of_Sale__POS_MIS__ABC__Ana_20260928_213841.png|handle-walk|report SELECT via rPOSRepView - query embedded in .rpt; SQL NOT YET IDENTIFIED; verify: 17_Reports/REPORTS_TXT extracts
C4|21:38:44|08_POS|Open Sale Summary|window='Point Of Sale > POS M.I.S. > Sale Summary' close=wm_close|C4_L1+sub_Point_Of_Sale__POS_MIS__Sale_Sum_20260928_213843.png|handle-walk|report SELECT via rPOSRepView - query embedded in .rpt; SQL NOT YET IDENTIFIED; verify: 17_Reports/REPORTS_TXT extracts
C4|21:38:46|08_POS|Open Edited Bills|window='Point Of Sale > POS M.I.S. > Edited Bills' close=wm_close|C4_L1+sub_Point_Of_Sale__POS_MIS__Edited_B_20260928_213845.png|handle-walk|report SELECT via rPOSRepView - query embedded in .rpt; SQL NOT YET IDENTIFIED; verify: 17_Reports/REPORTS_TXT extracts
C4|21:38:51|08_POS|Open Open Item Sales|window='Point Of Sale > POS M.I.S. > Open Item Sales' close=wm_close|C4_L1+sub_Point_Of_Sale__POS_MIS__Open_Ite_20260928_213851.png|handle-walk|report SELECT via rPOSRepView - query embedded in .rpt; SQL NOT YET IDENTIFIED; verify: 17_Reports/REPORTS_TXT extracts
C4|21:38:54|08_POS|Open Void Bills|window='Point Of Sale > POS M.I.S. > Void Bills' close=wm_close|C4_L1+sub_Point_Of_Sale__POS_MIS__Void_Bil_20260928_213853.png|handle-walk|report SELECT via rPOSRepView - query embedded in .rpt; SQL NOT YET IDENTIFIED; verify: 17_Reports/REPORTS_TXT extracts
C4|21:38:56|08_POS|Open KOT Change Report|window='Point Of Sale > POS M.I.S. > KOT Change Report' close=wm_close|C4_L1+sub_Point_Of_Sale__POS_MIS__KOT_Chan_20260928_213855.png|handle-walk|report SELECT via rPOSRepView - query embedded in .rpt; SQL NOT YET IDENTIFIED; verify: 17_Reports/REPORTS_TXT extracts
C4|21:38:58|08_POS|Open Discount Summary|window='Point Of Sale > POS M.I.S. > Discount Summary' close=wm_close|C4_L1+sub_Point_Of_Sale__POS_MIS__Discount_20260928_213857.png|handle-walk|report SELECT via rPOSRepView - query embedded in .rpt; SQL NOT YET IDENTIFIED; verify: 17_Reports/REPORTS_TXT extracts
C4|21:39:00|08_POS|Open Monthwise Sales|window='Point Of Sale > POS M.I.S. > Monthwise Sales' close=wm_close|C4_L1+sub_Point_Of_Sale__POS_MIS__Monthwis_20260928_213859.png|handle-walk|report SELECT via rPOSRepView - query embedded in .rpt; SQL NOT YET IDENTIFIED; verify: 17_Reports/REPORTS_TXT extracts
C4|21:39:02|08_POS|Open ABC  Analysis|window='Point Of Sale > POS M.I.S. > ABC  Analysis' close=wm_close|C4_L1+sub_Point_Of_Sale__POS_MIS__ABC__Ana_20260928_213901.png|handle-walk|report SELECT via rPOSRepView - query embedded in .rpt; SQL NOT YET IDENTIFIED; verify: 17_Reports/REPORTS_TXT extracts
C4|21:39:04|08_POS|Open Sale Summary|window='Point Of Sale > POS M.I.S. > Sale Summary' close=wm_close|C4_L1+sub_Point_Of_Sale__POS_MIS__Sale_Sum_20260928_213903.png|handle-walk|report SELECT via rPOSRepView - query embedded in .rpt; SQL NOT YET IDENTIFIED; verify: 17_Reports/REPORTS_TXT extracts
C4|21:39:06|08_POS|Open Edited Bills|window='Point Of Sale > POS M.I.S. > Edited Bills' close=wm_close|C4_L1+sub_Point_Of_Sale__POS_MIS__Edited_B_20260928_213906.png|handle-walk|report SELECT via rPOSRepView - query embedded in .rpt; SQL NOT YET IDENTIFIED; verify: 17_Reports/REPORTS_TXT extracts
C4|21:40:13|09_Banquet|Open OutStanding Report|window='Banquet > Reports > OutStanding Report' close=wm_close|C4_L1+sub_Banquet__Reports__OutStanding_Re_20260928_214012.png|handle-walk|report SELECT via rHallRepView - query embedded in .rpt; SQL NOT YET IDENTIFIED; verify: 17_Reports/REPORTS_TXT extracts
C4|21:40:15|09_Banquet|Open Party wise OutStanding|window='Banquet > Reports > Party wise OutStanding' close=wm_close|C4_L1+sub_Banquet__Reports__Party_wise_Out_20260928_214014.png|handle-walk|report SELECT via rHallRepView - query embedded in .rpt; SQL NOT YET IDENTIFIED; verify: 17_Reports/REPORTS_TXT extracts
C4|21:40:17|09_Banquet|Open Cashier  Report|window='Banquet > Reports > Cashier  Report' close=wm_close|C4_L1+sub_Banquet__Reports__Cashier__Repor_20260928_214016.png|handle-walk|report SELECT via rHallRepView - query embedded in .rpt; SQL NOT YET IDENTIFIED; verify: 17_Reports/REPORTS_TXT extracts
C4|21:40:19|09_Banquet|Open Booking Inquiry Detail|window='Banquet > Reports > Booking Inquiry Detail' close=wm_close|C4_L1+sub_Banquet__Reports__Booking_Inquir_20260928_214018.png|handle-walk|report SELECT via rHallRepView - query embedded in .rpt; SQL NOT YET IDENTIFIED; verify: 17_Reports/REPORTS_TXT extracts
C4|21:40:21|09_Banquet|Open Settlement  Report|window='Banquet > Reports > Settlement  Report' close=wm_close|C4_L1+sub_Banquet__Reports__Settlement__Re_20260928_214020.png|handle-walk|report SELECT via rHallRepView - query embedded in .rpt; SQL NOT YET IDENTIFIED; verify: 17_Reports/REPORTS_TXT extracts
C4|21:40:23|09_Banquet|Open Daily Function Sheet|window='Banquet > Reports > Daily Function Sheet' close=wm_close|C4_L1+sub_Banquet__Reports__Daily_Function_20260928_214022.png|handle-walk|report SELECT via rHallRepView - query embedded in .rpt; SQL NOT YET IDENTIFIED; verify: 17_Reports/REPORTS_TXT extracts
C4|21:40:25|09_Banquet|Open Item Wise Sales Report|window='Banquet > Reports > Item Wise Sales Report' close=wm_close|C4_L1+sub_Banquet__Reports__Item_Wise_Sale_20260928_214025.png|handle-walk|report SELECT via rHallRepView - query embedded in .rpt; SQL NOT YET IDENTIFIED; verify: 17_Reports/REPORTS_TXT extracts
C4|21:40:28|09_Banquet|Open Company Wise Sale Report|window='Banquet > Reports > Company Wise Sale Report' close=wm_close|C4_L1+sub_Banquet__Reports__Company_Wise_S_20260928_214027.png|handle-walk|report SELECT via rHallRepView - query embedded in .rpt; SQL NOT YET IDENTIFIED; verify: 17_Reports/REPORTS_TXT extracts
C4|21:40:33|09_Banquet|Open OutStanding Report|window='Banquet > Reports > OutStanding Report' close=wm_close|C4_L1+sub_Banquet__Reports__OutStanding_Re_20260928_214032.png|handle-walk|report SELECT via rHallRepView - query embedded in .rpt; SQL NOT YET IDENTIFIED; verify: 17_Reports/REPORTS_TXT extracts
C4|21:40:35|09_Banquet|Open Party wise OutStanding|window='Banquet > Reports > Party wise OutStanding' close=wm_close|C4_L1+sub_Banquet__Reports__Party_wise_Out_20260928_214034.png|handle-walk|report SELECT via rHallRepView - query embedded in .rpt; SQL NOT YET IDENTIFIED; verify: 17_Reports/REPORTS_TXT extracts
C4|21:40:38|09_Banquet|Open Cashier  Report|window='Banquet > Reports > Cashier  Report' close=wm_close|C4_L1+sub_Banquet__Reports__Cashier__Repor_20260928_214037.png|handle-walk|report SELECT via rHallRepView - query embedded in .rpt; SQL NOT YET IDENTIFIED; verify: 17_Reports/REPORTS_TXT extracts
C4|21:40:40|09_Banquet|Open Booking Inquiry Detail|window='Banquet > Reports > Booking Inquiry Detail' close=wm_close|C4_L1+sub_Banquet__Reports__Booking_Inquir_20260928_214039.png|handle-walk|report SELECT via rHallRepView - query embedded in .rpt; SQL NOT YET IDENTIFIED; verify: 17_Reports/REPORTS_TXT extracts
C4|21:40:42|09_Banquet|Open Settlement  Report|window='Banquet > Reports > Settlement  Report' close=wm_close|C4_L1+sub_Banquet__Reports__Settlement__Re_20260928_214041.png|handle-walk|report SELECT via rHallRepView - query embedded in .rpt; SQL NOT YET IDENTIFIED; verify: 17_Reports/REPORTS_TXT extracts
C4|21:40:44|09_Banquet|Open Daily Function Sheet|window='Banquet > Reports > Daily Function Sheet' close=wm_close|C4_L1+sub_Banquet__Reports__Daily_Function_20260928_214043.png|handle-walk|report SELECT via rHallRepView - query embedded in .rpt; SQL NOT YET IDENTIFIED; verify: 17_Reports/REPORTS_TXT extracts
C4|21:40:46|09_Banquet|Open Item Wise Sales Report|window='Banquet > Reports > Item Wise Sales Report' close=wm_close|C4_L1+sub_Banquet__Reports__Item_Wise_Sale_20260928_214045.png|handle-walk|report SELECT via rHallRepView - query embedded in .rpt; SQL NOT YET IDENTIFIED; verify: 17_Reports/REPORTS_TXT extracts
C4|21:40:48|09_Banquet|Open Company Wise Sale Report|window='Banquet > Reports > Company Wise Sale Report' close=wm_close|C4_L1+sub_Banquet__Reports__Company_Wise_S_20260928_214047.png|handle-walk|report SELECT via rHallRepView - query embedded in .rpt; SQL NOT YET IDENTIFIED; verify: 17_Reports/REPORTS_TXT extracts
C4|21:40:54|09_Banquet|Open OutStanding Report|window='Banquet > Reports > OutStanding Report' close=wm_close|C4_L1+sub_Banquet__Reports__OutStanding_Re_20260928_214053.png|handle-walk|report SELECT via rHallRepView - query embedded in .rpt; SQL NOT YET IDENTIFIED; verify: 17_Reports/REPORTS_TXT extracts
C4|21:40:56|09_Banquet|Open Party wise OutStanding|window='Banquet > Reports > Party wise OutStanding' close=wm_close|C4_L1+sub_Banquet__Reports__Party_wise_Out_20260928_214055.png|handle-walk|report SELECT via rHallRepView - query embedded in .rpt; SQL NOT YET IDENTIFIED; verify: 17_Reports/REPORTS_TXT extracts
C4|21:40:58|09_Banquet|Open Cashier  Report|window='Banquet > Reports > Cashier  Report' close=wm_close|C4_L1+sub_Banquet__Reports__Cashier__Repor_20260928_214057.png|handle-walk|report SELECT via rHallRepView - query embedded in .rpt; SQL NOT YET IDENTIFIED; verify: 17_Reports/REPORTS_TXT extracts
C4|21:41:00|09_Banquet|Open Booking Inquiry Detail|window='Banquet > Reports > Booking Inquiry Detail' close=wm_close|C4_L1+sub_Banquet__Reports__Booking_Inquir_20260928_214100.png|handle-walk|report SELECT via rHallRepView - query embedded in .rpt; SQL NOT YET IDENTIFIED; verify: 17_Reports/REPORTS_TXT extracts
C4|21:41:03|09_Banquet|Open Settlement  Report|window='Banquet > Reports > Settlement  Report' close=wm_close|C4_L1+sub_Banquet__Reports__Settlement__Re_20260928_214102.png|handle-walk|report SELECT via rHallRepView - query embedded in .rpt; SQL NOT YET IDENTIFIED; verify: 17_Reports/REPORTS_TXT extracts
C4|21:41:05|09_Banquet|Open Daily Function Sheet|window='Banquet > Reports > Daily Function Sheet' close=wm_close|C4_L1+sub_Banquet__Reports__Daily_Function_20260928_214104.png|handle-walk|report SELECT via rHallRepView - query embedded in .rpt; SQL NOT YET IDENTIFIED; verify: 17_Reports/REPORTS_TXT extracts
C4|21:41:07|09_Banquet|Open Item Wise Sales Report|window='Banquet > Reports > Item Wise Sales Report' close=wm_close|C4_L1+sub_Banquet__Reports__Item_Wise_Sale_20260928_214106.png|handle-walk|report SELECT via rHallRepView - query embedded in .rpt; SQL NOT YET IDENTIFIED; verify: 17_Reports/REPORTS_TXT extracts
C4|21:41:09|09_Banquet|Open Company Wise Sale Report|window='Banquet > Reports > Company Wise Sale Report' close=wm_close|C4_L1+sub_Banquet__Reports__Company_Wise_S_20260928_214108.png|handle-walk|report SELECT via rHallRepView - query embedded in .rpt; SQL NOT YET IDENTIFIED; verify: 17_Reports/REPORTS_TXT extracts
C4|21:41:42|11_HR_Payroll|Open Payroll Register|window='HR/Payroll > Reports > Payroll Register' close=exit-btn|C4_L1+sub_HRPayroll__Reports__Payroll_Regi_20260928_214141.png|handle-walk|report SELECT via rRepPayRoll/PayrollReg family - query embedded in .rpt; SQL NOT YET IDENTIFIED; verify: 17_Reports/REPORTS_TXT extracts
C4|21:41:44|11_HR_Payroll|Open Loan Register|window='HR/Payroll > Reports > Loan Register' close=exit-btn|C4_L1+sub_HRPayroll__Reports__Loan_Registe_20260928_214144.png|handle-walk|report SELECT via rRepPayRoll/PayrollReg family - query embedded in .rpt; SQL NOT YET IDENTIFIED; verify: 17_Reports/REPORTS_TXT extracts
C4|21:41:47|11_HR_Payroll|Open Loan/Advance Summary|window='HR/Payroll > Reports > Loan/Advance Summary' close=exit-btn|C4_L1+sub_HRPayroll__Reports__LoanAdvance__20260928_214146.png|handle-walk|report SELECT via rRepPayRoll/PayrollReg family - query embedded in .rpt; SQL NOT YET IDENTIFIED; verify: 17_Reports/REPORTS_TXT extracts
C4|21:41:49|11_HR_Payroll|Open Loan/Advance Ledger|window='HR/Payroll > Reports > Loan/Advance Ledger' close=exit-btn|C4_L1+sub_HRPayroll__Reports__LoanAdvance__20260928_214148.png|handle-walk|report SELECT via rRepPayRoll/PayrollReg family - query embedded in .rpt; SQL NOT YET IDENTIFIED; verify: 17_Reports/REPORTS_TXT extracts
C4|21:41:51|11_HR_Payroll|Open Attendence Report|window='HR/Payroll > Reports > Attendence Report' close=exit-btn|C4_L1+sub_HRPayroll__Reports__Attendence_R_20260928_214150.png|handle-walk|report SELECT via rRepPayRoll/PayrollReg family - query embedded in .rpt; SQL NOT YET IDENTIFIED; verify: 17_Reports/REPORTS_TXT extracts
C4|21:41:53|11_HR_Payroll|Open Gratuity Report|window='HR/Payroll > Reports > Gratuity Report' close=exit-btn|C4_L1+sub_HRPayroll__Reports__Gratuity_Rep_20260928_214152.png|handle-walk|report SELECT via rRepPayRoll/PayrollReg family - query embedded in .rpt; SQL NOT YET IDENTIFIED; verify: 17_Reports/REPORTS_TXT extracts
C4|21:41:55|11_HR_Payroll|Open PF Statement|window='HR/Payroll > Reports > PF Statement' close=exit-btn|C4_L1+sub_HRPayroll__Reports__PF_Statement_20260928_214154.png|handle-walk|report SELECT via rRepPayRoll/PayrollReg family - query embedded in .rpt; SQL NOT YET IDENTIFIED; verify: 17_Reports/REPORTS_TXT extracts
C4|21:41:57|11_HR_Payroll|Open Form C|window='HR/Payroll > Reports > Form C' close=exit-btn|C4_L1+sub_HRPayroll__Reports__Form_C_20260928_214157.png|handle-walk|report SELECT via rRepPayRoll/PayrollReg family - query embedded in .rpt; SQL NOT YET IDENTIFIED; verify: 17_Reports/REPORTS_TXT extracts
C4|21:42:32|10_Night_Audit|Blocklist skip: Charges Posting|||safety|n/a - night-audit blocklist (action never executed) [safety rule]
C4|21:42:32|10_Night_Audit|Blocklist skip: Night Audit Process|||safety|n/a - night-audit blocklist (action never executed) [safety rule]
C4|21:42:32|10_Night_Audit|Blocklist skip: Account Posting|||safety|n/a - night-audit blocklist (action never executed) [safety rule]
C4|21:42:34|10_Night_Audit|Open Reverse Night Audit|window='Night Audit > Operation > Reverse Night Audit' close=exit-btn|C4_L1+sub_Night_Audit__Operation__Reverse__20260928_214233.png|handle-walk|frmReNightAudit open (EXTRAS.text L480425) - load SQL NOT YET IDENTIFIED; verify: trace form body / test DB only
C4|21:42:38|10_Night_Audit|Blocklist skip: Charges Posting|||safety|n/a - night-audit blocklist (action never executed) [safety rule]
C4|21:42:38|10_Night_Audit|Blocklist skip: Night Audit Process|||safety|n/a - night-audit blocklist (action never executed) [safety rule]
C4|21:42:38|10_Night_Audit|Blocklist skip: Account Posting|||safety|n/a - night-audit blocklist (action never executed) [safety rule]
C4|21:42:40|10_Night_Audit|Open Reverse Night Audit|window='Night Audit > Operation > Reverse Night Audit' close=exit-btn|C4_L1+sub_Night_Audit__Operation__Reverse__20260928_214239.png|handle-walk|frmReNightAudit open (EXTRAS.text L480425) - load SQL NOT YET IDENTIFIED; verify: trace form body / test DB only
C4|21:42:43|10_Night_Audit|Blocklist skip: Charges Posting|||safety|n/a - night-audit blocklist (action never executed) [safety rule]
C4|21:42:43|10_Night_Audit|Blocklist skip: Night Audit Process|||safety|n/a - night-audit blocklist (action never executed) [safety rule]
C4|21:42:43|10_Night_Audit|Blocklist skip: Account Posting|||safety|n/a - night-audit blocklist (action never executed) [safety rule]
C4|21:42:46|10_Night_Audit|Open Reverse Night Audit|window='Night Audit > Operation > Reverse Night Audit' close=exit-btn|C4_L1+sub_Night_Audit__Operation__Reverse__20260928_214245.png|handle-walk|frmReNightAudit open (EXTRAS.text L480425) - load SQL NOT YET IDENTIFIED; verify: trace form body / test DB only
C4|21:42:49|10_Night_Audit|Blocklist skip: Charges Posting|||safety|n/a - night-audit blocklist (action never executed) [safety rule]
C4|21:42:49|10_Night_Audit|Blocklist skip: Night Audit Process|||safety|n/a - night-audit blocklist (action never executed) [safety rule]
C4|21:42:49|10_Night_Audit|Blocklist skip: Account Posting|||safety|n/a - night-audit blocklist (action never executed) [safety rule]
C4|21:42:51|10_Night_Audit|Open Reverse Night Audit|window='Night Audit > Operation > Reverse Night Audit' close=exit-btn|C4_L1+sub_Night_Audit__Operation__Reverse__20260928_214250.png|handle-walk|frmReNightAudit open (EXTRAS.text L480425) - load SQL NOT YET IDENTIFIED; verify: trace form body / test DB only
